{
    "name": "web2-nodejs",
    "version": "1.0.0",
    "description": "",
    "main": "main.js",
    "directories": {
        "lib": "lib"
    },
    "scripts": {
        "test": "echo \"Error: no test specified\" && exit 1"
    },
    "repository": {
        "type": "git",
        "url": "git+https://github.com/web-n/Nodejs.git"
    },
    "author": "",
    "license": "ISC",
    "bugs": {
        "url": "https://github.com/web-n/Nodejs/issues"
    },
    "homepage": "https://github.com/web-n/Nodejs#readme",
    "dependencies": {
        "mysql": "^2.17.1",
        "sanitize-html": "^1.18.2"
    }
}
